,last_name,first_name,middle_name,suffix,nickname,full_name,birthday,gender,type,state,district,senate_class,party,url,address,phone,contact_form,rss_url,twitter,twitter_id,facebook,youtube,youtube_id,mastodon,bioguide_id,thomas_id,opensecrets_id,lis_id,fec_ids,cspan_id,govtrack_id,votesmart_id,ballotpedia_id,washington_post_id,icpsr_id,wikipedia_id
0,Brown,Sherrod,,,,Sherrod Brown,1952-11-09,M,sen,OH,,1,Democrat,https://www.brown.senate.gov,503 Hart Senate Office Building Washington DC 20510,202-224-2315,https://www.brown.senate.gov/contact/,http://www.brown.senate.gov/rss/feeds/?type=all&amp;,SenSherrodBrown,43910797,SenatorSherrodBrown,SherrodBrownOhio,UCgy8jfERh-t_ixkKKoCmglQ,,B000944,00136,N00003535,S307,"H2OH13033,S6OH00163",5051,400050,27018,Sherrod Brown,,29389,Sherrod Brown
1,Cantwell,Maria,,,,Maria Cantwell,1958-10-13,F,sen,WA,,1,Democrat,https://www.cantwell.senate.gov,511 Hart Senate Office Building Washington DC 20510,202-224-3441,https://www.cantwell.senate.gov/public/index.cfm/email-maria,http://www.cantwell.senate.gov/public/index.cfm/rss/feed,SenatorCantwell,117501995,senatorcantwell,SenatorCantwell,UCN52UDqKgvHRk39ncySrIMw,,C000127,00172,N00007836,S275,"S8WA00194,H2WA01054",26137,300018,27122,Maria Cantwell,,39310,Maria Cantwell
2,Cardin,Benjamin,L.,,,Benjamin L. Cardin,1943-10-05,M,sen,MD,,1,Democrat,https://www.cardin.senate.gov,509 Hart Senate Office Building Washington DC 20510,202-224-4524,https://www.cardin.senate.gov/contact/,http://www.cardin.senate.gov/rss/feeds/?type=all,SenatorCardin,109071031,senatorbencardin,senatorcardin,UCiQaJnMzlfzzG3VESgyZChA,,C000141,00174,N00001955,S308,"H6MD03177,S6MD03177",4004,400064,26888,Ben Cardin,,15408,Ben Cardin
3,Carper,Thomas,Richard,,,Thomas R. Carper,1947-01-23,M,sen,DE,,1,Democrat,https://www.carper.senate.gov,513 Hart Senate Office Building Washington DC 20510,202-224-2441,https://www.carper.senate.gov/contact/,http://www.carper.senate.gov/public/index.cfm/rss/feed,SenatorCarper,249787913,tomcarper,senatorcarper,UCgLnvbKwu4B3navofj6Qvvw,,C000174,00179,N00012508,S277,S8DE00079,663,300019,22421,Tom Carper,,15015,Tom Carper
4,Casey,Robert,P.,Jr.,Bob,"Robert P. Casey, Jr.",1960-04-13,M,sen,PA,,1,Democrat,https://www.casey.senate.gov,393 Russell Senate Office Building Washington DC 20510,202-224-6324,https://www.casey.senate.gov/contact,http://www.casey.senate.gov/rss/feeds/?all,SenBobCasey,171598736,SenatorBobCasey,SenatorBobCasey,UCtVssXhx-KuZa-hSvnsnJ0A,,C001070,01828,N00027503,S309,S6PA00217,47036,412246,2541,"Bob Casey, Jr.",,40703,Bob Casey Jr.
5,Feinstein,Dianne,,,,Dianne Feinstein,1933-06-22,F,sen,CA,,1,Democrat,https://www.feinstein.senate.gov,331 Hart Senate Office Building Washington DC 20510,202-224-3841,https://www.feinstein.senate.gov/public/index.cfm/e-mail-me,http://www.feinstein.senate.gov/public/?a=rss.feed,SenFeinstein,476256944,senatorfeinstein,SenatorFeinstein,UCtVC--6LR0ff2aOP8THpuEw,,F000062,01332,N00007364,S221,S0CA00199,13061,300043,53273,Dianne Feinstein,,49300,Dianne Feinstein
6,Klobuchar,Amy,Jean,,,Amy Klobuchar,1960-05-25,F,sen,MN,,1,Democrat,https://www.klobuchar.senate.gov,425 Dirksen Senate Office Building Washington DC 20510,202-224-3244,https://www.klobuchar.senate.gov/public/index.cfm/contact,,SenAmyKlobuchar,22044727,,senatorklobuchar,UCvdeJsDsV51tFb_hVqvtYGA,,K000367,01826,N00027500,S311,S6MN00267,83701,412242,65092,Amy Klobuchar,,40700,Amy Klobuchar
7,Menendez,Robert,,,Bob,Robert Menendez,1954-01-01,M,sen,NJ,,1,Democrat,https://www.menendez.senate.gov,528 Hart Senate Office Building Washington DC 20510,202-224-4744,https://www.menendez.senate.gov/contact,http://www.menendez.senate.gov/rss/feeds/index.cfm?type=news,SenatorMenendez,18695134,senatormenendez,SenatorMenendezNJ,UC0PV0K9Z5a9p3D5917KF5fw,,M000639,00791,N00000699,S306,"H2NJ13075,S6NJ00289",29608,400272,26961,Bob Menendez,,29373,Bob Menendez
8,Sanders,Bernard,,,Bernie,Bernard Sanders,1941-09-08,M,sen,VT,,1,Independent,https://www.sanders.senate.gov,332 Dirksen Senate Office Building Washington DC 20510,202-224-5141,https://www.sanders.senate.gov/contact/,http://www.sanders.senate.gov/rss/,SenSanders,29442313,senatorsanders,senatorsanders,UCD_DaKNac0Ta-2PeHuoQ1uA,,S000033,01010,N00000528,S313,"H8VT01016,S4VT00033",994,400357,27110,Bernie Sanders,,29147,Bernie Sanders
9,Stabenow,Debbie,Ann,,,Debbie Stabenow,1950-04-29,F,sen,MI,,1,Democrat,https://www.stabenow.senate.gov,731 Hart Senate Office Building Washington DC 20510,202-224-4822,https://www.stabenow.senate.gov/contact,http://stabenow.senate.gov/rss/?p=news,SenStabenow,76456274,SenatorStabenow,senatorstabenow,UCFoDKCvxSwCUfDv-4Eg4K5A,,S000770,01531,N00004118,S284,"S8MI00281,H6MI08163",45451,300093,515,Debbie Stabenow,,29732,Debbie Stabenow
10,Tester,Jon,,,,Jon Tester,1956-08-21,M,sen,MT,,1,Democrat,https://www.tester.senate.gov,311 Hart Senate Office Building Washington DC 20510,202-224-2644,https://www.tester.senate.gov/?p=email_senator,http://www.tester.senate.gov/rss/?p=hot_topic,SenatorTester,515822213,senatortester,senatorjontester,UCgXAF-CON1coZFMxQkfj0fg,,T000464,01829,N00027605,S314,S6MT00162,1020176,412244,20928,Jon Tester,,40702,Jon Tester
11,Whitehouse,Sheldon,,,,Sheldon Whitehouse,1955-10-20,M,sen,RI,,1,Democrat,https://www.whitehouse.senate.gov,530 Hart Senate Office Building Washington DC 20510,202-224-2921,https://www.whitehouse.senate.gov/contact/email-sheldon,http://www.whitehouse.senate.gov/rss/feeds/?type=all&amp;cachebuster=1,SenWhitehouse,242555999,SenatorWhitehouse,SenatorWhitehouse,UCnG0N70SNBkNqvIMLodPTIA,,W000802,01823,N00027533,S316,S6RI00221,92235,412247,2572,Sheldon Whitehouse,,40704,Sheldon Whitehouse
12,Barrasso,John,A.,,,John Barrasso,1952-07-21,M,sen,WY,,1,Republican,https://www.barrasso.senate.gov,307 Dirksen Senate Office Building Washington DC 20510,202-224-6441,https://www.barrasso.senate.gov/public/index.cfm/contact-form,http://www.barrasso.senate.gov/public/index.cfm?FuseAction=Rss.Feed,SenJohnBarrasso,202206694,johnbarrasso,barrassowyo,UC80PfiCAB2Fe1MFayWlR6GQ,,B001261,01881,N00006236,S317,S6WY00068,1024777,412251,52662,John Barrasso,,40707,John Barrasso
13,Wicker,Roger,F.,,,Roger F. Wicker,1951-07-05,M,sen,MS,,1,Republican,https://www.wicker.senate.gov,425 Russell Senate Office Building Washington DC 20510,202-224-6253,https://www.wicker.senate.gov/public/index.cfm/contact,,SenatorWicker,264219447,SenatorWicker,SenatorWicker,UCIlKHiTjSkcQP_knBcXHWSg,,W000437,01226,N00003280,S318,"H4MS01078,S8MS00196",18203,400432,21926,Roger Wicker,,29534,Roger Wicker
14,Collins,Susan,M.,,,Susan M. Collins,1952-12-07,F,sen,ME,,2,Republican,https://www.collins.senate.gov,413 Dirksen Senate Office Building Washington DC 20510,202-224-2523,https://www.collins.senate.gov/contact,http://www.collins.senate.gov/public/?a=rss.feed,SenatorCollins,19726613,susancollins,SenatorSusanCollins,UC6GYaBx5kT2r4PN8KENxC-w,,C001035,01541,N00000491,S252,S6ME00159,45738,300025,379,Susan Collins,,49703,Susan Collins
15,Cornyn,John,,,,John Cornyn,1952-02-02,M,sen,TX,,2,Republican,https://www.cornyn.senate.gov,517 Hart Senate Office Building Washington DC 20510,202-224-2934,https://www.cornyn.senate.gov/contact,http://www.cornyn.senate.gov/public/?a=rss.feed,JohnCornyn,13218102,sen.johncornyn,senjohncornyn,UCyQwLQavlOaJ64YuY_VMtiQ,,C001056,01692,N00024852,S287,S2TX00106,93131,300027,15375,John Cornyn,,40305,John Cornyn
16,Durbin,Richard,J.,,,Richard J. Durbin,1944-11-21,M,sen,IL,,2,Democrat,https://www.durbin.senate.gov,711 Hart Senate Office Building Washington DC 20510,202-224-2152,https://www.durbin.senate.gov/contact/,http://durbin.senate.gov/public/index.cfm/rss/feed,SenatorDurbin,247334603,SenatorDurbin,SenatorDurbin,UCkbixlNCxcKAffEhe3X5-lw,,D000563,00326,N00004981,S253,"S6IL00151,H2IL20026",6741,300038,26847,Dick Durbin,,15021,Dick Durbin
17,Graham,Lindsey,O.,,,Lindsey Graham,1955-07-09,M,sen,SC,,2,Republican,https://www.lgraham.senate.gov/public,211 Russell Senate Office Building Washington DC 20510,202-224-5972,https://www.lgraham.senate.gov/public/index.cfm/e-mail-senator-graham,http://www.lgraham.senate.gov/public/index.cfm?FuseAction=Rss.Feed,GrahamBlog,14845376,USSenatorLindseyGraham,USSenLindseyGraham,UClLGZMA5Ei2Z8fR1PLEx6yQ,,G000359,00452,N00009975,S293,"S0SC00149,H4SC03087",36782,300047,21992,Lindsey Graham,,29566,Lindsey Graham
18,McConnell,Mitch,,,,Mitch McConnell,1942-02-20,M,sen,KY,,2,Republican,https://www.mcconnell.senate.gov,317 Russell Senate Office Building Washington DC 20510,202-224-2541,https://www.mcconnell.senate.gov/public/index.cfm?p=contact,http://www.mcconnell.senate.gov/public/?a=rss.feed,McConnellPress,339822881,mitchmcconnell,,,,M000355,01395,N00003389,S174,S2KY00012,2351,300072,53298,Mitch McConnell,,14921,Mitch McConnell
19,Merkley,Jeff,,,,Jeff Merkley,1956-10-24,M,sen,OR,,2,Democrat,https://www.merkley.senate.gov,531 Hart Senate Office Building Washington DC 20510,202-224-3753,https://www.merkley.senate.gov/contact/,http://www.merkley.senate.gov/rss/,SenJeffMerkley,29201047,jeffmerkley,SenatorJeffMerkley,UCRoXttCJhMnLVCxCaa6VnNQ,,M001176,01900,N00029303,S322,S8OR00207,1029842,412325,23644,Jeff Merkley,,40908,Jeff Merkley
20,Reed,John,F.,,Jack,Jack Reed,1949-11-12,M,sen,RI,,2,Democrat,https://www.reed.senate.gov,728 Hart Senate Office Building Washington DC 20510,202-224-4642,https://www.reed.senate.gov/contact/,https://www.reed.senate.gov//rss/feeds/?type=all,SenJackReed,486694111,SenJackReed,SenatorReed,UCT_aFVtsjxPwWKfO-PW_hPw,,R000122,00949,N00000362,S259,"S6RI00163,H0RI02071",24239,300081,27060,Jack Reed,,29142,Jack Reed (Rhode Island politician)
21,Risch,James,E.,,,James E. Risch,1943-05-03,M,sen,ID,,2,Republican,https://www.risch.senate.gov,483 Russell Senate Office Building Washington DC 20510,202-224-2752,https://www.risch.senate.gov/public/index.cfm?p=Email,,SenatorRisch,1096059529,senatorjimrisch,SenatorJamesRisch,UCncKW8xyT5UbPNO27YuQnBA,,R000584,01896,N00029441,S323,S8ID00092,1020034,412322,2919,Jim Risch,,40902,Jim Risch
22,Shaheen,Jeanne,,,,Jeanne Shaheen,1947-01-28,F,sen,NH,,2,Democrat,https://www.shaheen.senate.gov,506 Hart Senate Office Building Washington DC 20510,202-224-2841,https://www.shaheen.senate.gov/contact/contact-jeanne,http://www.shaheen.senate.gov/rss/,SenatorShaheen,109287731,SenatorShaheen,senatorshaheen,UCjLZAZMbDrybHyttdEC9LFA,,S001181,01901,N00024790,S324,S0NH00219,22850,412323,1663,Jeanne Shaheen,,40906,Jeanne Shaheen
23,Warner,Mark,R.,,,Mark R. Warner,1954-12-15,M,sen,VA,,2,Democrat,https://www.warner.senate.gov,703 Hart Senate Office Building Washington DC 20510,202-224-2023,https://www.warner.senate.gov/public/index.cfm?p=Contact,http://www.warner.senate.gov/public/?a=rss.feed,MarkWarner,7429102,MarkRWarner,SenatorMarkWarner,UCwyivNlEGf4sGd1oDLfY5jw,,W000805,01897,N00002097,S327,"S6VA00093,P80003023",7630,412321,535,Mark Warner,,40909,Mark Warner
24,Gillibrand,Kirsten,E.,,,Kirsten E. Gillibrand,1966-12-09,F,sen,NY,,1,Democrat,https://www.gillibrand.senate.gov,478 Russell Senate Office Building Washington DC 20510,202-224-4451,https://www.gillibrand.senate.gov/contact/email-me,http://www.gillibrand.senate.gov/rss/,GillibrandNY,899978622416695297,SenKirstenGillibrand,KirstenEGillibrand,UCVEloQogVsmnkd5vxJInmYg,,G000555,01866,N00027658,S331,"H6NY20167,S0NY00410",1022862,412223,65147,Kirsten Gillibrand,,20735,Kirsten Gillibrand
25,Coons,Christopher,Andrew,,,Christopher A. Coons,1963-09-09,M,sen,DE,,2,Democrat,https://www.coons.senate.gov,218 Russell Senate Office Building Washington DC 20510,202-224-5042,https://www.coons.senate.gov/contact,http://www.coons.senate.gov/rss/feeds/?type=all,ChrisCoons,15324851,senatorchriscoons,senatorchriscoons,UC2lOVbsddn1HIkcDnmCw6tA,,C001088,01984,N00031820,S337,S0DE00092,9269028,412390,122834,Chris Coons,,40916,Chris Coons
26,Manchin,Joe,,III,,"Joe Manchin, III",1947-08-24,M,sen,WV,,1,Democrat,https://www.manchin.senate.gov,306 Hart Senate Office Building Washington DC 20510,202-224-3954,https://www.manchin.senate.gov/public/index.cfm/contact-form,http://www.manchin.senate.gov/public/index.cfm/rss/feed,Sen_JoeManchin,234374703,JoeManchinIII,SenatorJoeManchin,UCGyPK_ye2ptpzQgOjKIn7ag,,M001183,01983,N00032838,S338,S0WV00090,62864,412391,7547,Joe Manchin III,,40915,Joe Manchin
28,Baldwin,Tammy,,,,Tammy Baldwin,1962-02-11,F,sen,WI,,1,Democrat,https://www.baldwin.senate.gov,709 Hart Senate Office Building Washington DC 20510,202-224-5653,https://www.baldwin.senate.gov/feedback,http://www.baldwin.senate.gov/rss/feeds/?type=all,SenatorBaldwin,1074518754,senatortammybaldwin,witammybaldwin,UC_XjYCRbbI2_TDDjJidwk0Q,,B001230,01558,N00004367,S354,"H8WI00018,S2WI00219",57884,400013,3470,Tammy Baldwin,,29940,Tammy Baldwin
29,Bennet,Michael,F.,,,Michael F. Bennet,1964-11-28,M,sen,CO,,3,Democrat,https://www.bennet.senate.gov/public,261 Russell Senate Office Building Washington DC 20510,202-224-5852,https://www.bennet.senate.gov/public/index.cfm/contact,http://www.bennet.senate.gov/rss/feeds/?type=news,SenatorBennet,224285242,senbennetco,SenatorBennet,UCXB3cljpMwTyCUyLr2ZVLow,,B001267,01965,N00030608,S330,S0CO00211,1031622,412330,110942,Michael Bennet,,40910,Michael Bennet
32,Blackburn,Marsha,W.,,,Marsha Blackburn,1952-06-06,F,sen,TN,,1,Republican,https://www.blackburn.senate.gov,357 Dirksen Senate Office Building Washington DC 20510,202-224-3344,https://www.blackburn.senate.gov/email-me,,MarshaBlackburn,278145569,marshablackburn,RepMarshaBlackburn,UCvNnmu5mUm7xr8QXBlbtQ9w,,B001243,01748,N00003105,S396,"H2TN06030,S8TN00337",31226,400032,25186,Marsha Blackburn,,20351,Marsha Blackburn
34,Blumenthal,Richard,,,,Richard Blumenthal,1946-02-13,M,sen,CT,,3,Democrat,https://www.blumenthal.senate.gov,706 Hart Senate Office Building Washington DC 20510,202-224-2823,https://www.blumenthal.senate.gov/contact/,http://www.blumenthal.senate.gov/rss/feeds/?type=all,SenBlumenthal,278124059,SenBlumenthal,SenatorBlumenthal,UCHH-fn3_LVt0Q4od56rOi5g,,B001277,02076,N00031685,S341,S0CT00177,21799,412490,1568,Richard Blumenthal,,41101,Richard Blumenthal
35,Boozman,John,,,,John Boozman,1950-12-10,M,sen,AR,,3,Republican,https://www.boozman.senate.gov/public,555 Dirksen Senate Office Building Washington DC 20510,202-224-4843,https://www.boozman.senate.gov/public/index.cfm/contact,http://www.boozman.senate.gov/public/index.cfm/rss/feed,JohnBoozman,5558312,JohnBoozman,BoozmanPressOffice,UC9vWHKL5OfIYh6kIV0rF2yw,,B001236,01687,N00013873,S343,"H2AR03176,S0AR00150",92069,400040,27958,John Boozman,,20101,John Boozman
40,Capito,Shelley,Moore,,,Shelley Moore Capito,1953-11-26,F,sen,WV,,2,Republican,https://www.capito.senate.gov,172 Russell Senate Office Building Washington DC 20510,202-224-6472,https://www.capito.senate.gov/contact/contact-shelley,,SenCapito,193794406,senshelley,,UCbiXdR4XQ3vD9Xp5lfR9QXw,,C001047,01676,N00009771,S372,"H0WV02138,S4WV00159",83737,400061,11701,Shelley Moore Capito,,20146,Shelley Moore Capito
43,Cassidy,Bill,,,,Bill Cassidy,1957-09-28,M,sen,LA,,2,Republican,https://www.cassidy.senate.gov,455 Dirksen Senate Office Building Washington DC 20510,202-224-5824,https://www.cassidy.senate.gov/contact,,SenBillCassidy,1017500185356853248,,SenatorBillCassidy,UCCEyGhUzxgkxFzWCY-rxz8g,,C001075,01925,N00030245,S373,"H8LA00017,S4LA00107",1030546,412269,69494,Bill Cassidy,,20919,Bill Cassidy
55,Crapo,Michael,D.,,Mike,Mike Crapo,1951-05-20,M,sen,ID,,3,Republican,https://www.crapo.senate.gov,239 Dirksen Senate Office Building Washington DC 20510,202-224-6142,https://www.crapo.senate.gov/contact,,MikeCrapo,600463589,mikecrapo,senatorcrapo,UCMHzKHg1BE7dEcFjnayw1lA,,C000880,00250,N00006267,S266,"S8ID00027,H2ID02034",26440,300030,26830,Mike Crapo,,29345,Mike Crapo
71,Grassley,Charles,E.,,Chuck,Chuck Grassley,1933-09-17,M,sen,IA,,3,Republican,https://www.grassley.senate.gov,135 Hart Senate Office Building Washington DC 20510,202-224-3744,https://www.grassley.senate.gov/contact,http://grassley.senate.gov/customcf/rss_feed.cfm,ChuckGrassley,10615232,grassley,senchuckgrassley,UCiCPRkcLMInpDeOqGkMTt4w,,G000386,00457,N00001758,S153,S0IA00028,1167,300048,53293,Chuck Grassley,,14226,Chuck Grassley
78,Heinrich,Martin,,,,Martin Heinrich,1971-10-17,M,sen,NM,,1,Democrat,https://www.heinrich.senate.gov,303 Hart Senate Office Building Washington DC 20510,202-224-5521,https://www.heinrich.senate.gov/contact,,MartinHeinrich,1099199839,MartinHeinrich,SenMartinHeinrich,UCBxh8IK5sMxY0Ln_0G2NYcg,,H001046,01937,N00029835,S359,"H8NM01224,S2NM00088",1030686,412281,74517,Martin Heinrich,,20930,Martin Heinrich
81,Hirono,Mazie,K.,,,Mazie K. Hirono,1947-11-03,F,sen,HI,,1,Democrat,https://www.hirono.senate.gov,109 Hart Senate Office Building Washington DC 20510,202-224-6361,https://www.hirono.senate.gov/contact,http://www.hirono.senate.gov/rss/feeds/?type=all,MazieHirono,92186819,senatorhirono,CongresswomanHirono,UCcoKhxad156flzPYJ8JMFOA,,H001042,01844,N00028139,S361,"H6HI02251,S2HI00106",91216,412200,1677,Mazie K. Hirono,,20713,Mazie Hirono
82,Hoeven,John,,,,John Hoeven,1957-03-13,M,sen,ND,,3,Republican,https://www.hoeven.senate.gov,338 Russell Senate Office Building Washington DC 20510,202-224-2551,https://www.hoeven.senate.gov/public/index.cfm/email-the-senator,http://www.hoeven.senate.gov/public/index.cfm/rss/feed,SenJohnHoeven,382791093,SenatorJohnHoeven,senatorjohnhoevennd,UC1kQIC2Q_Fq9_NRqdb6eHiw,,H001061,02079,N00031688,S344,S0ND00093,85233,412494,41788,John Hoeven,,41107,John Hoeven
88,Johnson,Ron,,,,Ron Johnson,1955-04-08,M,sen,WI,,3,Republican,https://www.ronjohnson.senate.gov,328 Hart Senate Office Building Washington DC 20510,202-224-5323,https://www.ronjohnson.senate.gov/public/index.cfm/email-the-senator,http://www.ronjohnson.senate.gov/public/index.cfm/rss/feed,SenRonJohnson,233737858,senronjohnson,SenatorRonJohnson,UCG9XyTVtOAs7VX_q_QVHoaw,,J000293,02086,N00032546,S345,S0WI00197,62835,412496,126217,Ron Johnson (Wisconsin),,41111,Ron Johnson
94,Lankford,James,,,,James Lankford,1968-03-04,M,sen,OK,,3,Republican,https://www.lankford.senate.gov,316 Hart Senate Office Building Washington DC 20510,202-224-5754,https://www.lankford.senate.gov/contact/email,,SenatorLankford,225921757,SenatorLankford,SenatorLankford,UCz8T6sK5fEycyWmVz6Vpe5Q,,L000575,02050,N00031129,S378,"H0OK05114,S4OK00232",1033847,412464,124938,James Lankford,,21166,James Lankford
99,Lee,Mike,,,,Mike Lee,1971-06-04,M,sen,UT,,3,Republican,https://www.lee.senate.gov,363 Russell Senate Office Building Washington DC 20510,202-224-5444,https://www.lee.senate.gov/public/index.cfm/contact,http://www.lee.senate.gov/public/index.cfm/rss/feed,SenMikeLee,88784440,senatormikelee,senatormikelee,UCplVxs_j_sLAt0fkplXcl4A,,L000577,02080,N00031696,S346,S0UT00165,9267977,412495,66395,Mike Lee,,41110,Mike Lee
103,Luj치n,Ben,Ray,,,Ben Ray Luj치n,1972-06-07,M,sen,NM,,2,Democrat,https://www.lujan.senate.gov,498 Russell Senate Office Building Washington DC 20510,202-224-6621,https://www.lujan.senate.gov/contact/,,SenatorLujan,19318314,,,,,L000570,01939,N00029562,S409,"H8NM03196,S0NM00058",1031351,412293,102842,Ben Ray Luj치n,,20932,Ben Ray Luj치n
105,Markey,Edward,J.,,Ed,Edward J. Markey,1946-07-11,M,sen,MA,,2,Democrat,https://www.markey.senate.gov,255 Dirksen Senate Office Building Washington DC 20510,202-224-2742,https://www.markey.senate.gov/contact,,SenMarkey,21406834,EdJMarkey,RepMarkey,UCT1ujew5yQy2uMhGrjiKHoA,,M000133,00735,N00000270,S369,"H6MA07101,S4MA00028",260,400253,26900,Ed Markey,,14435,Ed Markey
116,Moran,Jerry,,,,Jerry Moran,1954-05-29,M,sen,KS,,3,Republican,https://www.moran.senate.gov,521 Dirksen Senate Office Building Washington DC 20510,202-224-6521,https://www.moran.senate.gov/public/index.cfm/e-mail-jerry,http://www.moran.senate.gov/public/index.cfm/rss/feed/,JerryMoran,18632666,jerrymoran,senatorjerrymoran,UC1oRxeUPam6-53wPBZ3N02A,,M000934,01507,N00005282,S347,"H6KS01096,S0KS00091",45469,400284,542,Jerry Moran,,29722,Jerry Moran
117,Murkowski,Lisa,A.,,,Lisa Murkowski,1957-05-22,F,sen,AK,,3,Republican,https://www.murkowski.senate.gov,522 Hart Senate Office Building Washington DC 20510,202-224-6665,https://www.murkowski.senate.gov/public/index.cfm/contact,http://www.murkowski.senate.gov/public/?a=rss.feed,LisaMurkowski,18061669,SenLisaMurkowski,senatormurkowski,UCaigku16AErqvD0wRuwGb9A,,M001153,01694,N00026050,S288,S4AK00099,1004138,300075,15841,Lisa Murkowski,,40300,Lisa Murkowski
118,Murphy,Christopher,S.,,,Christopher Murphy,1973-08-03,M,sen,CT,,1,Democrat,https://www.murphy.senate.gov,136 Hart Senate Office Building Washington DC 20510,202-224-4041,https://www.murphy.senate.gov/contact,http://www.theday.com/article/20121216/nws12/312169935/1069/rss,SenMurphyOffice,2853793517,chrismurphyct,senchrismurphy,UCbcEa40PIFpLpdDe06n3F3Q,,M001169,01837,N00027566,S364,"H6CT05124,S2CT00132",1021270,412194,17189,Christopher S. Murphy,,20707,Chris Murphy
119,Murray,Patty,,,,Patty Murray,1950-10-11,F,sen,WA,,3,Democrat,https://www.murray.senate.gov,154 Russell Senate Office Building Washington DC 20510,202-224-2621,https://www.murray.senate.gov/write-to-patty/,http://www.murray.senate.gov/public/?a=rss.feed,PattyMurray,293131808,,SenatorPattyMurray,UCb8jq3TvQ3AzKsexhWfFLoA,,M001111,01409,N00007876,S229,S2WA00189,25277,300076,53358,Patty Murray,,49308,Patty Murray
126,Paul,Rand,,,,Rand Paul,1963-01-07,M,sen,KY,,3,Republican,https://www.paul.senate.gov,295 Russell Senate Office Building Washington DC 20510,202-224-4343,https://www.paul.senate.gov/connect/email-rand,http://paul.senate.gov/rss/?p=news,SenRandPaul,1298624375692894210,SenatorRandPaul,SenatorRandPaul,UCeM9I-20oWUs8daIIpsNHoQ,,P000603,02082,N00030836,S348,S0KY00156,9265241,412492,117285,Rand Paul,,41104,Rand Paul
128,Peters,Gary,C.,,,Gary C. Peters,1958-12-01,M,sen,MI,,2,Democrat,https://www.peters.senate.gov,724 Hart Senate Office Building Washington DC 20510,202-224-6221,https://www.peters.senate.gov/contact/email-gary,,SenGaryPeters,236511574,SenGaryPeters,RepGaryPeters,UC7LYNbnKSK2VZqQ98YROWHQ,,P000595,01929,N00029277,S380,"H8MI09068,S4MI00355",50199,412305,8749,Gary Peters,,20923,Gary Peters
134,Rubio,Marco,,,,Marco Rubio,1971-05-28,M,sen,FL,,3,Republican,https://www.rubio.senate.gov,284 Russell Senate Office Building Washington DC 20510,202-224-3041,https://www.rubio.senate.gov/public/index.cfm/contact,http://www.rubio.senate.gov/public/?a=rss.feed,SenRubioPress,229966028,SenatorMarcoRubio,SenatorMarcoRubio,UCh8t7sV_DBKz4A-RkL9feyg,,R000595,02084,N00030612,S350,S0FL00338,87599,412491,1601,Marco Rubio,,41102,Marco Rubio
141,Schumer,Charles,E.,,Chuck,Charles E. Schumer,1950-11-23,M,sen,NY,,3,Democrat,https://www.schumer.senate.gov,322 Hart Senate Office Building Washington DC 20510,202-224-6542,https://www.schumer.senate.gov/contact/email-chuck,,SenSchumer,17494010,senschumer,SenatorSchumer,UC-ABttxh8uQv_10qmwGaidw,,S000148,01036,N00001093,S270,"S8NY00082,H0NY16010",5929,300087,26976,Chuck Schumer,,14858,Chuck Schumer
146,Scott,Tim,,,,Tim Scott,1965-09-19,M,sen,SC,,3,Republican,https://www.scott.senate.gov,104 Hart Senate Office Building Washington DC 20510,202-224-6121,https://www.scott.senate.gov/contact/email-me,http://www.scott.senate.gov/rss.xml,SenatorTimScott,217543151,SenatorTimScott,SenatorTimScott,UCSfAsbG80CNInSKrtpKoL-w,,S001184,02056,N00031782,S365,"H0SC01279,S4SC00240",623506,412471,11940,Tim Scott,,21173,Tim Scott
157,Thune,John,,,,John Thune,1961-01-07,M,sen,SD,,3,Republican,https://www.thune.senate.gov,511 Dirksen Senate Office Building Washington DC 20510,202-224-2321,https://www.thune.senate.gov/public/index.cfm/contact,http://www.thune.senate.gov/public/index.cfm/rss/feed,SenJohnThune,296361085,,johnthune,UCRu6lpRfxhkDGUrKDgQNZYQ,,T000250,01534,N00004572,S303,"S2SD00068,H6SD00085",45552,400546,398,John Thune,,29754,John Thune
160,Van Hollen,Chris,,,,Chris Van Hollen,1959-01-10,M,sen,MD,,3,Democrat,https://www.vanhollen.senate.gov,110 Hart Senate Office Building Washington DC 20510,202-224-4654,https://www.vanhollen.senate.gov/contact/email,,ChrisVanHollen,18137749,chrisvanhollen,RepChrisVanHollen,UCkpfJWu1N9Okd6PE_NidtBQ,,V000128,01729,N00013820,S390,"H2MD08126,S6MD03441",20756,400415,6098,Chris Van Hollen,,20330,Chris Van Hollen
166,Welch,Peter,,,,Peter Welch,1947-05-02,M,sen,VT,,3,Democrat,https://www.welch.senate.gov,G12 Russell Senate Office Building Washington DC 20510,202-224-4242,https://www.welch.senate.gov/,,PeterWelch,1410590874,PeterWelch,reppeterwelch,UC0YfApJx6qNaAQ-ir93U8xA,,W000800,01879,N00000515,S422,"H6VT00160,H8VT00034",1019990,412239,51272,Peter Welch,,20750,Peter Welch
171,Wyden,Ron,,,,Ron Wyden,1949-05-03,M,sen,OR,,3,Democrat,https://www.wyden.senate.gov,221 Dirksen Senate Office Building Washington DC 20510,202-224-5244,https://www.wyden.senate.gov/contact/,http://www.wyden.senate.gov/rss/feeds/?type=all&amp;,RonWyden,250188760,,senronwyden,UCsd3UEaoLoqX60P88BdpGGw,,W000779,01247,N00007724,S247,"S6OR00110,H0OR03026",1962,300100,27036,Ron Wyden,,14871,Ron Wyden
172,Young,Todd,C.,,,Todd Young,1972-08-24,M,sen,IN,,3,Republican,https://www.young.senate.gov,185 Dirksen Senate Office Building Washington DC 20510,202-224-5623,https://www.young.senate.gov/contact,,SenToddYoung,234128524,SenatorToddYoung,RepToddYoung,UCuknj4PGn91gHDNAfboZEgQ,,Y000064,02019,N00030670,S391,"H0IN09070,S6IN00191",1033743,412428,120345,Todd Young,,21133,Todd Young
178,Schatz,Brian,Emanuel,,,Brian Schatz,1972-10-20,M,sen,HI,,3,Democrat,https://www.schatz.senate.gov,722 Hart Senate Office Building Washington DC 20510,202-224-3934,https://www.schatz.senate.gov/contact,,SenBrianSchatz,1262099252,SenBrianSchatz,senbrianschatz,UC8-mSYp2WqBiB_5iwtwKfow,,S001194,02173,N00028138,S353,"S4HI00136,H6HI02244",87784,412507,17852,Brian E. Schatz,,41112,Brian Schatz
181,Cotton,Tom,,,,Tom Cotton,1977-05-13,M,sen,AR,,2,Republican,https://www.cotton.senate.gov,326 Russell Senate Office Building Washington DC 20510,202-224-2353,https://www.cotton.senate.gov/contact/contact-tom,,SenTomCotton,968650362,SenatorTomCotton,RepTomCotton,UCXEk6mokWBajIpNatbjnwSg,,C001095,02098,N00033363,S374,"H2AR04083,S4AR00103",63928,412508,135651,Tom Cotton,,21301,Tom Cotton
182,Sinema,Kyrsten,,,,Kyrsten Sinema,1976-07-12,F,sen,AZ,,1,Independent,https://www.sinema.senate.gov,317 Hart Senate Office Building Washington DC 20510,202-224-4521,https://www.sinema.senate.gov/contact-kyrsten,,SenatorSinema,1080844782,CongresswomanSinema,repsinema,UC4NzhW7D4lQdukSGWmFnK9w,,S001191,02099,N00033983,S403,"H2AZ09019,S8AZ00197",68489,412509,28338,Kyrsten Sinema,,21300,Kyrsten Sinema
194,Duckworth,Tammy,,,,Tammy Duckworth,1968-03-12,F,sen,IL,,3,Democrat,https://www.duckworth.senate.gov,524 Hart Senate Office Building Washington DC 20510,202-224-2854,https://www.duckworth.senate.gov/content/contact-senator,,SenDuckworth,1058520120,SenDuckworth,repduckworth,UCYRWRvUxtjaHnFMCbdd94tg,,D000622,02123,N00027860,S386,"H6IL06141,S6IL00292",94484,412533,57442,Tammy Duckworth,,21325,Tammy Duckworth
196,Warren,Elizabeth,,,,Elizabeth Warren,1949-06-22,F,sen,MA,,1,Democrat,https://www.warren.senate.gov,309 Hart Senate Office Building Washington DC 20510,202-224-4543,https://www.warren.senate.gov/?p=email_senator,http://www.warren.senate.gov/rss/?p=hot_topic,SenWarren,970207298,senatorelizabethwarren,senelizabethwarren,UCTH9zV8Imw09J5bOoTR18_A,,W000817,02182,N00033492,S366,S2MA00170,1023023,412542,141272,Elizabeth Warren,,41301,Elizabeth Warren
197,King,Angus,S.,Jr.,,"Angus S. King, Jr.",1944-03-31,M,sen,ME,,1,Independent,https://www.king.senate.gov,133 Hart Senate Office Building Washington DC 20510,202-224-5344,https://www.king.senate.gov/contact,http://www.king.senate.gov/rss/feeds/?type=all,SenAngusKing,1068481578,SenatorAngusSKingJr,SenatorAngusKing,UCpp6lGvrmt0XU_lnD4Ak0gA,,K000383,02185,N00034580,S363,S2ME00109,37413,412545,22381,Angus King,,41300,Angus King
200,Daines,Steve,,,,Steve Daines,1962-08-20,M,sen,MT,,2,Republican,https://www.daines.senate.gov,320 Hart Senate Office Building Washington DC 20510,202-224-2651,https://www.daines.senate.gov/connect/email-steve,,SteveDaines,11651202,SteveDainesMT,SteveDainesMT,UC-ny-W5mEUGytiyMdXbQ20Q,,D000618,02138,N00033054,S375,"H2MT01060,S2MT00096",1034037,412549,135720,Steve Daines,,21338,Steve Daines
202,Cramer,Kevin,,,,Kevin Cramer,1961-01-21,M,sen,ND,,1,Republican,https://www.cramer.senate.gov,313 Hart Senate Office Building Washington DC 20510,202-224-2043,https://www.cramer.senate.gov/contact/contact-kevin,,SenKevinCramer,1048784496,CongressmanKevinCramer,kevincramer,UCqUPdO9XaAW-dvwwXKbIVdA,,C001096,02144,N00004614,S398,"H0ND01026,H6ND00074,S8ND00120",7600,412555,444,Kevin Cramer,,21350,Kevin Cramer
203,Fischer,Deb,,,,Deb Fischer,1951-03-01,F,sen,NE,,1,Republican,https://www.fischer.senate.gov,454 Russell Senate Office Building Washington DC 20510,202-224-6551,https://www.fischer.senate.gov/public/index.cfm/contact,http://www.fischer.senate.gov/public/index.cfm/rss/feed,SenatorFischer,1071402577,senatordebfischer,senatordebfischer,UCrbEfZaG_WhB0PBHI1hefPQ,,F000463,02179,N00033443,S357,S2NE00094,1034067,412556,41963,Deb Fischer,,41302,Deb Fischer
210,Mullin,Markwayne,,,,Markwayne Mullin,1977-07-26,M,sen,OK,,2,Republican,https://www.mullin.senate.gov,B33 Russell Senate Office Building Washington DC 20510,202-224-4721,https://www.mullin.senate.gov/,,SenMullin,1060370282,RepMullin,,UCLQlm-cbGbJj9baZC6oFsag,,M001190,02156,N00033410,S419,H2OK02083,1034045,412568,135898,Markwayne Mullin,,21355,Markwayne Mullin
213,Cruz,Ted,,,,Ted Cruz,1970-12-22,M,sen,TX,,1,Republican,https://www.cruz.senate.gov,127A Russell Senate Office Building Washington DC 20510,202-224-5922,https://www.cruz.senate.gov/?p=form&id=16,,SenTedCruz,1074480192,SenatorTedCruz,sentedcruz,UCOTZ-6H1rri1lSsj6IzhUyw,,C001098,02175,N00033085,S355,S2TX00312,1019953,412573,135705,Ted Cruz,,41304,Ted Cruz
219,Kaine,Timothy,,,Tim,Tim Kaine,1958-02-26,M,sen,VA,,1,Democrat,https://www.kaine.senate.gov,231 Russell Senate Office Building Washington DC 20510,202-224-4024,https://www.kaine.senate.gov/contact,http://www.kaine.senate.gov/rss/feeds/?type=all,,,SenatorKaine,SenatorTimKaine,UC27LgTZlUnBQoNEQFZdn9LA,,K000384,02176,N00033177,S362,S2VA00142,49219,412582,50772,Tim Kaine,,41305,Tim Kaine
224,Booker,Cory,Anthony,,,Cory A. Booker,1969-04-27,M,sen,NJ,,2,Democrat,https://www.booker.senate.gov,717 Hart Senate Office Building Washington DC 20510,202-224-3224,https://www.booker.senate.gov/?p=contact,,SenBooker,2167097881,,SenCoryBooker,UC6FlymqNS1VettnVZa7goPA,,B001288,02194,N00035267,S370,S4NJ00185,84679,412598,76151,Cory Booker,,41308,Cory Booker
257,Sullivan,Dan,,,,Dan Sullivan,1964-11-13,M,sen,AK,,2,Republican,https://www.sullivan.senate.gov,302 Hart Senate Office Building Washington DC 20510,202-224-3004,https://www.sullivan.senate.gov/contact/email,,SenDanSullivan,2891210047,SenDanSullivan,,UC7tXCm8gKlAhTFo2kuf5ylw,,S001198,02290,N00035774,S383,S4AK00214,1023262,412665,114964,Daniel S. Sullivan,,41500,Dan Sullivan (U.S. senator)
258,Ernst,Joni,,,,Joni Ernst,1970-07-01,F,sen,IA,,2,Republican,https://www.ernst.senate.gov,260 Russell Senate Office Building Washington DC 20510,202-224-3254,https://www.ernst.senate.gov/public/index.cfm/contact,,SenJoniErnst,2856787757,senjoniernst,,UCLwrmtF_84FIcK3TyMs4MIw,,E000295,02283,N00035483,S376,S4IA00129,75342,412667,128583,Joni Ernst,,41502,Joni Ernst
259,Tillis,Thom,,,,Thom Tillis,1960-08-30,M,sen,NC,,2,Republican,https://www.tillis.senate.gov,113 Dirksen Senate Office Building Washington DC 20510,202-224-6342,https://www.tillis.senate.gov/public/index.cfm/email-me,,SenThomTillis,2964174789,SenatorThomTillis,,UCUD9VGV4SSGWjGdbn37Ea2w,,T000476,02291,N00035492,S384,S4NC00162,77055,412668,57717,Thom Tillis (North Carolina),,41504,Thom Tillis
260,Rounds,Mike,,,,Mike Rounds,1954-10-24,M,sen,SD,,2,Republican,https://www.rounds.senate.gov,716 Hart Senate Office Building Washington DC 20510,202-224-5842,https://www.rounds.senate.gov/contact/email-mike,,SenatorRounds,2955485182,SenatorMikeRounds,,UC-pvzimyBdpdkcIfsicrfrQ,,R000605,02288,N00035187,S381,S4SD00049,78317,412669,7455,Mike Rounds,,41505,Mike Rounds
266,Kennedy,John,Neely,,,John Kennedy,1951-11-21,M,sen,LA,,3,Republican,https://www.kennedy.senate.gov/public,437 Russell Senate Office Building Washington DC 20510,202-224-4623,https://www.kennedy.senate.gov/public/email-me,,SenJohnKennedy,816683274076614656,JohnKennedyLouisiana,,,,K000393,,N00026823,S389,S4LA00065,1011723,412679,35496,John Neely Kennedy,,41703,John Kennedy (Louisiana politician)
267,Hassan,Margaret,Wood,,Maggie,Margaret Wood Hassan,1958-02-27,F,sen,NH,,3,Democrat,https://www.hassan.senate.gov,324 Hart Senate Office Building Washington DC 20510,202-224-3324,https://www.hassan.senate.gov/content/contact-senator,,SenatorHassan,946549322,SenatorHassan,,,,H001076,,N00038397,S388,S6NH00091,67481,412680,42552,Maggie Hassan,,41702,Maggie Hassan
268,Cortez Masto,Catherine,,,,Catherine Cortez Masto,1964-03-29,F,sen,NV,,3,Democrat,https://www.cortezmasto.senate.gov,520 Hart Senate Office Building Washington DC 20510,202-224-3542,https://www.cortezmasto.senate.gov/contact,,SenCortezMasto,811313565760163844,SenatorCortezMasto,,UCip_83SiKUqwnUT57VOXrCg,,C001113,,N00037161,S385,S6NV00200,105698,412681,69579,Catherine Cortez Masto,,41700,Catherine Cortez Masto
285,Marshall,Roger,,,,Roger Marshall,1960-08-09,M,sen,KS,,2,Republican,https://www.marshall.senate.gov,479A Russell Senate Office Building Washington DC 20510,202-224-4774,https://www.marshall.senate.gov/contact/,,SenatorMarshall,1336344005588738052,,,,,M001198,,N00037034,S411,"H6KS01179,S0KS00315",103425,412704,172080,Roger Marshall,,21734,Roger Marshall (politician)
290,Budd,Ted,,,,Ted Budd,1971-10-21,M,sen,NC,,3,Republican,https://www.budd.senate.gov,B85 Russell Senate Office Building Washington DC 20510,202-224-3154,https://www.budd.senate.gov/,,RepTedBudd,817138492614524928,RepTedBudd,,,,B001305,,N00039551,S417,H6NC13129,103513,412712,171489,Ted Budd,,21708,Ted Budd
293,Rosen,Jacky,,,,Jacky Rosen,1957-08-02,F,sen,NV,,1,Democrat,https://www.rosen.senate.gov,713 Hart Senate Office Building Washington DC 20510,202-224-6244,https://www.rosen.senate.gov/contact_jacky,,SenJackyRosen,818554054309715969,RepJackyRosen,,,,R000608,,N00038734,S402,"H6NV03139,S8NV00156",104738,412715,169471,,,21743,Jacky Rosen
307,Smith,Tina,Flint,,,Tina Smith,1958-03-04,F,sen,MN,,2,Democrat,https://www.smith.senate.gov,720 Hart Senate Office Building Washington DC 20510,202-224-5641,https://www.smith.senate.gov/share-your-opinion/,,SenTinaSmith,941000686275387392,USSenTinaSmith,,,,S001203,,N00042353,S394,S8MN00578,111313,412742,152968,Tina Smith,,41706,Tina Smith
308,Hyde-Smith,Cindy,,,,Cindy Hyde-Smith,1959-05-10,F,sen,MS,,2,Republican,https://www.hydesmith.senate.gov,702 Hart Senate Office Building Washington DC 20510,202-224-5054,https://www.hydesmith.senate.gov/content/contact-senator,,SenHydeSmith,983348251972816896,,,UCJHxkJhGST0NTlkzJHWV03Q,,H001079,,N00043298,S395,S8MS00261,113208,412743,20784,Cindy Hyde-Smith,,41707,Cindy Hyde-Smith
376,Scott,Rick,,,,Rick Scott,1952-12-01,M,sen,FL,,1,Republican,https://www.rickscott.senate.gov,502 Hart Senate Office Building Washington DC 20510,202-224-5274,https://www.rickscott.senate.gov/contact/contact,,SenRickScott,131546062,RickScottSenOffice,,UC-Y9pFmW4PYGZHkC8lcqSkQ,,S001217,,N00043290,S404,S8FL00273,,412838,124204,Rick Scott,,41903,Rick Scott
377,Braun,Mike,,,,Mike Braun,1954-03-24,M,sen,IN,,1,Republican,https://www.braun.senate.gov,404 Russell Senate Office Building Washington DC 20510,202-224-4814,https://www.braun.senate.gov/contact-mike,,SenatorBraun,1080870981877534720,,,,,B001310,,N00041731,S397,S8IN00171,,412839,148564,Mike Braun,,41900,Mike Braun
378,Hawley,Joshua,,,Josh,Josh Hawley,1979-12-31,M,sen,MO,,1,Republican,https://www.hawley.senate.gov,115 Russell Senate Office Building Washington DC 20510,202-224-6154,https://www.hawley.senate.gov/contact-senator-hawley,,SenHawleyPress,1080960924687704064,,,,,H001089,,N00041620,S399,S8MO00160,,412840,169716,Josh Hawley,,41901,Josh Hawley
379,Romney,Mitt,,,,Mitt Romney,1947-03-12,M,sen,UT,,1,Republican,https://www.romney.senate.gov,354 Russell Senate Office Building Washington DC 20510,202-224-5251,https://www.romney.senate.gov/contact-senator-romney,,SenatorRomney,1078693601356509184,,,,,R000615,,N00000286,S401,"S8UT00176,S4MA00143",,412841,21942,Mitt Romney,,41902,Mitt Romney
386,Kelly,Mark,,,,Mark Kelly,1964-02-21,M,sen,AZ,,3,Democrat,https://www.kelly.senate.gov,516 Hart Senate Office Building Washington DC 20510,202-224-2235,https://www.kelly.senate.gov,,SenMarkKelly,1324926274888888320,SenMarkKelly,,,,K000377,,N00044223,S406,S0AZ00350,,456794,190594,Mark Kelly,,,Mark Kelly
387,Lummis,Cynthia,M.,,,Cynthia M. Lummis,1954-09-10,F,sen,WY,,2,Republican,https://www.lummis.senate.gov,124 Russell Senate Office Building Washington DC 20510,202-224-3424,https://www.lummis.senate.gov/contact/contact-form/,,SenLummis,22831059,,,,,L000571,01960,N00029788,S410,"H8WY00148,S0WY00137",1031365,412294,15546,Cynthia Lummis,,20953,Cynthia Lummis
391,Tuberville,Tommy,Hawley,,,Tommy Tuberville,1954-09-18,M,sen,AL,,2,Republican,https://www.tuberville.senate.gov,142 Russell Senate Office Building Washington DC 20510,202-224-4124,https://www.tuberville.senate.gov/contact/contact-form/,,SenTuberville,1345739193721487362,,,,,T000278,,N00044434,S412,S0AL00230,,456796,188306,Tommy Tuberville,,,Tommy Tuberville
392,Hickenlooper,John,Wright,,,John W. Hickenlooper,1952-02-07,M,sen,CO,,2,Democrat,https://www.hickenlooper.senate.gov,374 Russell Senate Office Building Washington DC 20510,202-224-5941,https://www.hickenlooper.senate.gov/contact/,,SenatorHick,1318728336923787264,,,,,H000273,,N00044206,S408,S0CO00575,,456797,,John Hickenlooper,,,John Hickenlooper
393,Hagerty,Bill,Francis,,,Bill Hagerty,1959-08-14,M,sen,TN,,2,Republican,https://www.hagerty.senate.gov,251 Russell Senate Office Building Washington DC 20510,202-224-4944,https://www.hagerty.senate.gov/email-me/,,SenatorHagerty,1346873610875654147,,,,,H000601,,N00045369,S407,S0TN00169,,456798,128466,Bill Hagerty,,,Bill Hagerty
444,Padilla,Alejandro,,,Alex,Alex Padilla,1973-03-22,M,sen,CA,,3,Democrat,https://www.padilla.senate.gov,112 Hart Senate Office Building Washington DC 20510,202-224-3553,https://www.padilla.senate.gov/contact/,,SenAlexPadilla,1351236267707654145,,,,,P000145,,N00047888,S413,S2CA00955,,456856,59742,Alex Padilla,,,Alex Padilla
445,Ossoff,Jon,,,,Jon Ossoff,1987-02-16,M,sen,GA,,2,Democrat,https://www.ossoff.senate.gov,455 Russell Senate Office Building Washington DC 20510,202-224-3521,https://www.ossoff.senate.gov/contact-us/,,SenOssoff,1356714265894408196,,,,,O000174,,N00040675,S414,"H8GA06195,S8GA00180",,456857,176134,Jon Ossoff,,,Jon Ossoff
446,Warnock,Raphael,Gamaliel,,,Raphael G. Warnock,1969-07-23,M,sen,GA,,3,Democrat,https://www.warnock.senate.gov,388 Russell Senate Office Building Washington DC 20510,202-224-3643,https://www.warnock.senate.gov/contact/,,SenatorWarnock,1352287997853622273,,,,,W000790,,N00046489,S415,S0GA00559,,456858,189794,Raphael Warnock,,,Raphael Warnock
461,Britt,Katie,Elizabeth,,,Katie Boyd Britt,1982-02-02,F,sen,AL,,3,Republican,https://www.britt.senate.gov,B40A Dirksen Senate Office Building Washington DC 20510,202-224-5744,https://www.britt.senate.gov/,,,,,,,,B001319,,,S416,S2AL00145,,456874,201704,Katie Britt,,,Katie Britt
462,Schmitt,Eric,Stephen,,,Eric Schmitt,1975-06-20,M,sen,MO,,3,Republican,https://www.schmitt.senate.gov,B11 Russell Senate Office Building Washington DC 20510,202-224-5721,https://www.schmitt.senate.gov/,,,,,,,,S001227,,,S420,S2MO00544,,456875,104474,Eric Schmitt,,,Eric Schmitt
463,Vance,J.D. (James),(David),,,J.D. Vance,1984-08-02,M,sen,OH,,3,Republican,https://www.vance.senate.gov,B40C Dirksen Senate Office Building Washington DC 20510,202-224-3353,https://www.vance.senate.gov/,,,,,,,,V000137,,,S421,S2OH00436,,456876,,J.D. Vance,,,J. D. Vance
464,Fetterman,John,Karl,,,John Fetterman,1969-08-15,M,sen,PA,,3,Democrat,https://www.fetterman.senate.gov,B40B Dirksen Senate Office Building Washington DC 20510,202-224-4254,https://www.fetterman.senate.gov/,,,,,,,,F000479,,,S418,S6PA00274,,456877,166286,John Fetterman,,,John Fetterman
539,Ricketts,Pete,,,,Pete Ricketts,1964-08-19,M,sen,NE,,2,Republican,https://www.ricketts.senate.gov,40D Dirksen Senate Office Building Washington DC 20510,202-224-4224,,,,,,,,,R000618,,,S423,S6NE00129,61233,456952,57777,Pete Ricketts,,,Pete Ricketts
